filename,center_U,center_V,min_U,max_U,min_V,max_V,cam_X,cam_Y,cam_Z,dist_to_flower_center,alpha,beta,xyz_U_flower,xyz_V_flower,xyZ_U_flower,xyZ_V_flower,xYz_U_flower,xYz_V_flower,xYZ_U_flower,xYZ_V_flower,Xyz_U_flower,Xyz_V_flower,XyZ_U_flower,XyZ_V_flower,XYz_U_flower,XYz_V_flower,XYZ_U_flower,XYZ_V_flower,xyz_U_center,xyz_V_center,xyZ_U_center,xyZ_V_center,xYz_U_center,xYz_V_center,xYZ_U_center,xYZ_V_center,Xyz_U_center,Xyz_V_center,XyZ_U_center,XyZ_V_center,XYz_U_center,XYz_V_center,XYZ_U_center,XYZ_V_center,xyz_U_stem,xyz_V_stem,xyZ_U_stem,xyZ_V_stem,xYz_U_stem,xYz_V_stem,xYZ_U_stem,xYZ_V_stem,Xyz_U_stem,Xyz_V_stem,XyZ_U_stem,XyZ_V_stem,XYz_U_stem,XYz_V_stem,XYZ_U_stem,XYZ_V_stem,xyz_X_flower,xyz_Y_flower,xyz_Z_flower,xyZ_X_flower,xyZ_Y_flower,xyZ_Z_flower,xYz_X_flower,xYz_Y_flower,xYz_Z_flower,xYZ_X_flower,xYZ_Y_flower,xYZ_Z_flower,Xyz_X_flower,Xyz_Y_flower,Xyz_Z_flower,XyZ_X_flower,XyZ_Y_flower,XyZ_Z_flower,XYz_X_flower,XYz_Y_flower,XYz_Z_flower,XYZ_X_flower,XYZ_Y_flower,XYZ_Z_flower,xyz_X_center,xyz_Y_center,xyz_Z_center,xyZ_X_center,xyZ_Y_center,xyZ_Z_center,xYz_X_center,xYz_Y_center,xYz_Z_center,xYZ_X_center,xYZ_Y_center,xYZ_Z_center,Xyz_X_center,Xyz_Y_center,Xyz_Z_center,XyZ_X_center,XyZ_Y_center,XyZ_Z_center,XYz_X_center,XYz_Y_center,XYz_Z_center,XYZ_X_center,XYZ_Y_center,XYZ_Z_center,xyz_X_stem,xyz_Y_stem,xyz_Z_stem,xyZ_X_stem,xyZ_Y_stem,xyZ_Z_stem,xYz_X_stem,xYz_Y_stem,xYz_Z_stem,xYZ_X_stem,xYZ_Y_stem,xYZ_Z_stem,Xyz_X_stem,Xyz_Y_stem,Xyz_Z_stem,XyZ_X_stem,XyZ_Y_stem,XyZ_Z_stem,XYz_X_stem,XYz_Y_stem,XYz_Z_stem,XYZ_X_stem,XYZ_Y_stem,XYZ_Z_stem
nat_VG09_9.obj_002_0.png,376,259,258,503,151,368,-0.115040,-0.205278,0.220321,0.05,0.0,0.0,230,336,247,388,259,113,286,137,429,331,468,375,493,142,552,167,230,336,247,388,259,113,286,137,429,331,468,375,493,142,552,167,0,0,0,0,0,0,0,0,0,0,0,0,0,0,0,0,-0.122058,-0.208964,0.168122,-0.119658,-0.213015,0.174715,-0.118347,-0.190170,0.178318,-0.115947,-0.194221,0.184911,-0.100096,-0.208964,0.160128,-0.097697,-0.213015,0.166721,-0.096385,-0.190170,0.170325,-0.093985,-0.194221,0.176918,-0.122058,-0.208964,0.168122,-0.119658,-0.213015,0.174715,-0.118347,-0.190170,0.178318,-0.115947,-0.194221,0.184911,-0.100096,-0.208964,0.160128,-0.097697,-0.213015,0.166721,-0.096385,-0.190170,0.170325,-0.093985,-0.194221,0.176918,0,0,0,0,0,0,0,0,0,0,0,0,0,0,0,0,0,0,0,0,0,0,0,0
nat_VG09_9.obj_002_1.png,371,256,262,492,139,375,-0.115040,-0.237418,0.208623,0.05,0.0,0.698131,226,344,242,338,267,137,289,98,440,387,488,389,462,199,510,173,226,344,242,338,267,137,289,98,440,387,488,389,462,199,510,173,0,0,0,0,0,0,0,0,0,0,0,0,0,0,0,0,-0.122058,-0.208964,0.168122,-0.119658,-0.213015,0.174715,-0.118347,-0.190170,0.178318,-0.115947,-0.194221,0.184911,-0.100096,-0.208964,0.160128,-0.097697,-0.213015,0.166721,-0.096385,-0.190170,0.170325,-0.093985,-0.194221,0.176918,-0.122058,-0.208964,0.168122,-0.119658,-0.213015,0.174715,-0.118347,-0.190170,0.178318,-0.115947,-0.194221,0.184911,-0.100096,-0.208964,0.160128,-0.097697,-0.213015,0.166721,-0.096385,-0.190170,0.170325,-0.093985,-0.194221,0.176918,0,0,0,0,0,0,0,0,0,0,0,0,0,0,0,0,0,0,0,0,0,0,0,0
nat_VG09_9.obj_002_2.png,368,272,266,486,194,358,-0.115040,-0.254519,0.179003,0.05,0.0,1.396263,221,331,242,262,272,214,291,154,461,415,509,359,449,278,483,226,221,331,242,262,272,214,291,154,461,415,509,359,449,278,483,226,0,0,0,0,0,0,0,0,0,0,0,0,0,0,0,0,-0.122058,-0.208964,0.168122,-0.119658,-0.213015,0.174715,-0.118347,-0.190170,0.178318,-0.115947,-0.194221,0.184911,-0.100096,-0.208964,0.160128,-0.097697,-0.213015,0.166721,-0.096385,-0.190170,0.170325,-0.093985,-0.194221,0.176918,-0.122058,-0.208964,0.168122,-0.119658,-0.213015,0.174715,-0.118347,-0.190170,0.178318,-0.115947,-0.194221,0.184911,-0.100096,-0.208964,0.160128,-0.097697,-0.213015,0.166721,-0.096385,-0.190170,0.170325,-0.093985,-0.194221,0.176918,0,0,0,0,0,0,0,0,0,0,0,0,0,0,0,0,0,0,0,0,0,0,0,0
nat_VG09_9.obj_002_3.png,296,386,190,416,257,507,-0.115040,-0.205278,0.220321,0.05,2.094395,0.0,303,221,249,210,482,358,447,369,207,395,150,408,339,546,288,584,303,221,249,210,482,358,447,369,207,395,150,408,339,546,288,584,0,0,0,0,0,0,0,0,0,0,0,0,0,0,0,0,-0.122058,-0.208964,0.168122,-0.119658,-0.213015,0.174715,-0.118347,-0.190170,0.178318,-0.115947,-0.194221,0.184911,-0.100096,-0.208964,0.160128,-0.097697,-0.213015,0.166721,-0.096385,-0.190170,0.170325,-0.093985,-0.194221,0.176918,-0.122058,-0.208964,0.168122,-0.119658,-0.213015,0.174715,-0.118347,-0.190170,0.178318,-0.115947,-0.194221,0.184911,-0.100096,-0.208964,0.160128,-0.097697,-0.213015,0.166721,-0.096385,-0.190170,0.170325,-0.093985,-0.194221,0.176918,0,0,0,0,0,0,0,0,0,0,0,0,0,0,0,0,0,0,0,0,0,0,0,0
nat_VG09_9.obj_002_4.png,296,355,175,423,233,488,-0.087206,-0.189209,0.208623,0.05,2.094395,0.698131,302,257,255,211,487,280,445,216,190,454,124,423,356,571,283,544,302,257,255,211,487,280,445,216,190,454,124,423,356,571,283,544,0,0,0,0,0,0,0,0,0,0,0,0,0,0,0,0,-0.122058,-0.208964,0.168122,-0.119658,-0.213015,0.174715,-0.118347,-0.190170,0.178318,-0.115947,-0.194221,0.184911,-0.100096,-0.208964,0.160128,-0.097697,-0.213015,0.166721,-0.096385,-0.190170,0.170325,-0.093985,-0.194221,0.176918,-0.122058,-0.208964,0.168122,-0.119658,-0.213015,0.174715,-0.118347,-0.190170,0.178318,-0.115947,-0.194221,0.184911,-0.100096,-0.208964,0.160128,-0.097697,-0.213015,0.166721,-0.096385,-0.190170,0.170325,-0.093985,-0.194221,0.176918,0,0,0,0,0,0,0,0,0,0,0,0,0,0,0,0,0,0,0,0,0,0,0,0
nat_VG09_9.obj_002_5.png,296,290,158,415,184,392,-0.072396,-0.180658,0.179003,0.05,2.094395,1.396263,302,307,259,248,474,216,421,135,164,452,98,371,373,380,280,251,302,307,259,248,474,216,421,135,164,452,98,371,373,380,280,251,0,0,0,0,0,0,0,0,0,0,0,0,0,0,0,0,-0.122058,-0.208964,0.168122,-0.119658,-0.213015,0.174715,-0.118347,-0.190170,0.178318,-0.115947,-0.194221,0.184911,-0.100096,-0.208964,0.160128,-0.097697,-0.213015,0.166721,-0.096385,-0.190170,0.170325,-0.093985,-0.194221,0.176918,-0.122058,-0.208964,0.168122,-0.119658,-0.213015,0.174715,-0.118347,-0.190170,0.178318,-0.115947,-0.194221,0.184911,-0.100096,-0.208964,0.160128,-0.097697,-0.213015,0.166721,-0.096385,-0.190170,0.170325,-0.093985,-0.194221,0.176918,0,0,0,0,0,0,0,0,0,0,0,0,0,0,0,0,0,0,0,0,0,0,0,0
nat_VG09_9.obj_002_6.png,227,253,109,351,142,379,-0.115040,-0.205278,0.220321,0.05,4.188790,0.0,366,342,402,301,158,428,166,392,263,172,280,116,67,210,59,147,366,342,402,301,158,428,166,392,263,172,280,116,67,210,59,147,0,0,0,0,0,0,0,0,0,0,0,0,0,0,0,0,-0.122058,-0.208964,0.168122,-0.119658,-0.213015,0.174715,-0.118347,-0.190170,0.178318,-0.115947,-0.194221,0.184911,-0.100096,-0.208964,0.160128,-0.097697,-0.213015,0.166721,-0.096385,-0.190170,0.170325,-0.093985,-0.194221,0.176918,-0.122058,-0.208964,0.168122,-0.119658,-0.213015,0.174715,-0.118347,-0.190170,0.178318,-0.115947,-0.194221,0.184911,-0.100096,-0.208964,0.160128,-0.097697,-0.213015,0.166721,-0.096385,-0.190170,0.170325,-0.093985,-0.194221,0.176918,0,0,0,0,0,0,0,0,0,0,0,0,0,0,0,0,0,0,0,0,0,0,0,0
nat_VG09_9.obj_002_7.png,231,252,126,348,184,301,-0.142873,-0.189209,0.208623,0.05,4.188790,0.698131,371,349,400,269,140,339,163,232,266,263,284,202,90,238,103,163,371,349,400,269,140,339,163,232,266,263,284,202,90,238,103,163,0,0,0,0,0,0,0,0,0,0,0,0,0,0,0,0,-0.122058,-0.208964,0.168122,-0.119658,-0.213015,0.174715,-0.118347,-0.190170,0.178318,-0.115947,-0.194221,0.184911,-0.100096,-0.208964,0.160128,-0.097697,-0.213015,0.166721,-0.096385,-0.190170,0.170325,-0.093985,-0.194221,0.176918,-0.122058,-0.208964,0.168122,-0.119658,-0.213015,0.174715,-0.118347,-0.190170,0.178318,-0.115947,-0.194221,0.184911,-0.100096,-0.208964,0.160128,-0.097697,-0.213015,0.166721,-0.096385,-0.190170,0.170325,-0.093985,-0.194221,0.176918,0,0,0,0,0,0,0,0,0,0,0,0,0,0,0,0,0,0,0,0,0,0,0,0
nat_VG09_9.obj_002_8.png,235,271,150,346,192,318,-0.157683,-0.180658,0.179003,0.05,4.188790,1.396263,375,332,395,254,145,217,185,132,266,358,285,301,100,286,129,226,375,332,395,254,145,217,185,132,266,358,285,301,100,286,129,226,0,0,0,0,0,0,0,0,0,0,0,0,0,0,0,0,-0.122058,-0.208964,0.168122,-0.119658,-0.213015,0.174715,-0.118347,-0.190170,0.178318,-0.115947,-0.194221,0.184911,-0.100096,-0.208964,0.160128,-0.097697,-0.213015,0.166721,-0.096385,-0.190170,0.170325,-0.093985,-0.194221,0.176918,-0.122058,-0.208964,0.168122,-0.119658,-0.213015,0.174715,-0.118347,-0.190170,0.178318,-0.115947,-0.194221,0.184911,-0.100096,-0.208964,0.160128,-0.097697,-0.213015,0.166721,-0.096385,-0.190170,0.170325,-0.093985,-0.194221,0.176918,0,0,0,0,0,0,0,0,0,0,0,0,0,0,0,0,0,0,0,0,0,0,0,0
